test,stabilizer_median,destabilizer_median,neutral_median,U,p_value,stab_frac_sig,dest_frac_sig
Sex (|log2FC|),0.01793799,0.057089059,0.026259756,1752798.0,4.405180081967968e-218,0.31845134286710847,0.15446265938069217
Age (|corr|),0.117943686732389,0.0674460185177377,0.0955557392108394,4824497.0,1.0,0.6107429368678061,0.39601250977326036
